# Name,         Type, SubType, Offset,   Size,    Flags
# Keep the legacy default NVS and both OTA slots at their established offsets. The
# dedicated Profile partition is sized for candidate + both committed 8 KiB records,
# NVS blob metadata, garbage collection, and one full replacement during compaction.
nvs,            data, nvs,     0x9000,   0x6000,
otadata,        data, ota,      0xf000,   0x2000,
phy_init,       data, phy,      0x11000,  0x1000,
ota_0,          app,  ota_0,    0x20000,  1700K,
ota_1,          app,  ota_1,    0x1d0000, 1700K,
companion_nvs,  data, nvs,     0x380000, 0x10000,
